car,entered,601
car,entered,601
car,entered,601
car,entered,611
car,exited,612
car,entered,613
car,entered,614
car,entered,301
car,exited,304
car,entered,309
car,exited,310
car,entered,311
car,exited,312
car,entered,315
car,exited,316
truck,entered,319
truck,entered,320
truck,exited,323
truck,entered,324
car,entered,326
truck,exited,328
truck,exited,328
truck,entered,329
truck,entered,329
car,exited,329
car,entered,330
car,exited,333
truck,exited,336
truck,entered,338
car,entered,339
truck,exited,339
truck,exited,339
truck,entered,340
truck,entered,340
bus,entered,341
car,exited,341
car,entered,345
bus,exited,345
car,exited,348
car,entered,349
person,entered,352
car,exited,352
car,entered,354
motorbike,entered,354
truck,exited,354
truck,exited,354
truck,entered,355
truck,entered,355
car,exited,355
motorbike,exited,355
car,entered,356
motorbike,entered,356
person,exited,356
truck,exited,356
truck,exited,356
person,entered,357
truck,entered,357
truck,entered,357
car,exited,357
car,entered,358
person,exited,358
truck,exited,358
truck,exited,358
truck,entered,359
truck,entered,360
car,exited,360
motorbike,exited,360
car,entered,361
motorbike,entered,361
person,entered,361
truck,exited,361
motorbike,exited,362
motorbike,entered,363
person,exited,363
truck,exited,363
car,exited,364
car,entered,365
car,entered,366
motorbike,exited,366
car,exited,367
motorbike,entered,367
person,entered,367
car,entered,368
car,entered,368
motorbike,exited,368
car,exited,369
car,exited,369
person,exited,371
person,entered,372
car,exited,372
car,entered,373
car,entered,374
person,exited,377
person,entered,378
motorbike,entered,380
motorbike,exited,383
person,exited,383
motorbike,entered,386
person,entered,386
car,exited,387
motorbike,exited,387
person,exited,387
motorbike,entered,392
motorbike,exited,393
car,entered,394
motorbike,entered,394
motorbike,exited,396
car,entered,398
car,exited,399
car,exited,400
car,entered,401
person,entered,401
car,exited,402
person,exited,402
car,exited,405
car,entered,406
car,entered,409
motorbike,entered,409
car,exited,411
motorbike,exited,411
truck,entered,417
car,exited,418
car,entered,420
truck,entered,420
car,exited,422
car,entered,423
truck,exited,423
truck,entered,425
truck,exited,427
truck,entered,428
truck,exited,429
truck,entered,430
truck,exited,431
car,exited,435
truck,exited,443
truck,entered,444
truck,exited,446
truck,entered,449
truck,exited,450
car,entered,462
car,entered,466
car,exited,467
car,exited,467
car,entered,469
car,exited,470
car,entered,471
car,exited,472
car,entered,480
car,exited,481
car,entered,500
car,exited,501
car,entered,502
car,exited,506
car,entered,509
car,exited,521
car,entered,526
car,entered,529
car,exited,536
car,entered,537
car,entered,539
car,exited,544
car,entered,545
car,entered,553
car,exited,557
car,exited,560
skateboard,entered,561
car,entered,562
car,entered,562
skateboard,exited,562
car,entered,563
car,exited,566
car,entered,569
car,exited,570
car,exited,571
car,entered,582
car,exited,583
car,entered,591
car,entered,591
car,exited,592
car,exited,593
car,entered,596
car,exited,597
car,entered,611
car,exited,612
car,entered,613
car,entered,614
car,entered,616
car,entered,616
car,exited,618
car,exited,622
car,entered,624
car,exited,626
car,exited,626
truck,entered,626
truck,exited,627
truck,entered,629
truck,entered,629
car,entered,630
car,exited,631
car,entered,634
car,entered,637
car,exited,641
car,exited,641
car,entered,642
car,exited,644
car,exited,645
car,exited,645
car,entered,646
car,exited,647
car,entered,648
car,exited,649
car,exited,650
bus,entered,651
car,entered,651
car,entered,652
bus,exited,652
car,entered,654
car,exited,655
car,entered,657
car,entered,658
car,exited,659
car,exited,661
car,exited,663
car,entered,666
car,entered,669
car,entered,669
car,exited,670
car,entered,671
truck,exited,672
car,entered,675
car,entered,675
truck,entered,675
car,exited,676
truck,exited,676
car,exited,677
truck,entered,677
car,entered,678
truck,entered,679
car,exited,680
car,entered,681
car,exited,682
car,exited,682
truck,exited,683
car,entered,684
car,entered,684
truck,entered,684
car,exited,685
car,exited,685
truck,exited,685
car,entered,686
truck,entered,686
car,entered,687
truck,exited,687
truck,entered,688
car,exited,689
truck,entered,689
car,entered,690
truck,exited,690
car,exited,692
car,exited,692
truck,entered,692
truck,exited,694
truck,exited,696
car,exited,697
car,entered,698
car,entered,699
truck,exited,699
car,entered,702
truck,entered,702
truck,exited,703
truck,exited,704
truck,entered,705
car,exited,706
truck,exited,706
car,entered,707
truck,entered,707
car,exited,708
car,entered,709
truck,exited,709
car,exited,710
car,entered,711
truck,entered,712
truck,entered,712
truck,exited,714
car,exited,716
car,entered,718
car,entered,720
car,entered,722
car,exited,724
car,entered,728
car,exited,729
truck,exited,731
car,entered,734
car,exited,735
car,exited,735
truck,entered,735
car,entered,736
truck,exited,736
car,exited,737
truck,entered,737
car,entered,738
car,exited,739
car,entered,740
truck,entered,740
car,entered,741
truck,exited,741
truck,exited,741
car,entered,742
car,exited,744
car,exited,745
car,entered,746
truck,entered,747
car,exited,749
truck,entered,749
truck,exited,750
truck,exited,750
car,exited,752
truck,entered,754
car,exited,755
car,entered,757
truck,exited,757
car,entered,758
car,exited,759
car,exited,760
car,exited,760
car,entered,761
car,entered,762
car,exited,763
car,exited,767
car,exited,767
car,entered,768
car,entered,768
car,exited,769
car,entered,770
car,exited,772
car,entered,774
car,entered,777
car,exited,778
car,entered,780
car,exited,786
car,exited,786
car,entered,787
car,entered,787
car,entered,787
car,exited,788
car,exited,789
car,exited,789
car,entered,790
car,exited,792
car,exited,792
car,entered,794
car,entered,794
car,entered,796
car,exited,797
car,exited,797
car,entered,798
car,entered,798
car,entered,799
car,exited,800
car,entered,802
car,exited,804
car,entered,805
car,exited,806
car,exited,806
car,entered,810
car,entered,810
car,exited,811
car,exited,811
car,exited,811
car,exited,811
car,entered,812
car,entered,813
car,entered,816
car,exited,817
car,exited,817
car,entered,820
car,exited,821
car,entered,824
car,exited,827
car,entered,828
car,exited,829
car,entered,830
car,entered,830
car,exited,832
car,entered,833
car,exited,835
car,entered,836
car,exited,837
person,entered,837
car,exited,838
person,exited,838
person,entered,843
car,exited,844
person,exited,844
car,exited,845
car,entered,846
car,entered,846
car,exited,847
car,exited,847
car,exited,847
car,exited,847
car,entered,848
car,entered,848
car,entered,849
car,entered,851
motorbike,entered,852
car,exited,853
motorbike,exited,854
car,entered,855
car,entered,856
car,exited,857
car,exited,857
car,entered,858
car,entered,858
car,exited,860
car,exited,864
car,exited,864
car,entered,867
car,entered,869
car,exited,871
car,entered,872
car,exited,876
motorbike,entered,878
motorbike,exited,881
car,exited,883
motorbike,entered,884
car,entered,888
car,exited,890
car,entered,891
motorbike,exited,891
car,exited,892
motorbike,entered,901
car,exited,903
person,entered,905
car,entered,907
person,exited,907
motorbike,entered,909
person,entered,909
car,exited,910
car,entered,912
car,entered,912
car,exited,914
person,exited,916
car,entered,918
car,exited,919
car,entered,920
motorbike,exited,920
car,exited,921
car,exited,921
motorbike,exited,921
car,entered,922
motorbike,entered,922
motorbike,exited,924
car,entered,925
car,exited,926
car,entered,927
car,entered,927
car,exited,928
car,entered,932
car,exited,937
car,entered,942
car,exited,944
truck,entered,944
truck,entered,945
car,entered,946
car,entered,946
truck,exited,946
truck,exited,946
motorbike,entered,949
car,entered,950
car,exited,951
truck,entered,951
car,entered,952
person,entered,952
truck,exited,952
person,entered,953
motorbike,exited,953
motorbike,entered,955
person,exited,956
car,entered,957
person,entered,957
motorbike,exited,958
car,exited,959
motorbike,entered,959
person,exited,959
person,exited,961
person,entered,962
car,exited,963
person,exited,963
car,exited,965
car,entered,966
car,entered,967
car,entered,967
car,exited,968
car,exited,970
car,entered,973
person,entered,973
person,entered,973
car,exited,974
person,exited,974
person,exited,974
car,exited,975
person,entered,975
car,entered,976
car,entered,976
car,exited,977
car,entered,979
car,exited,980
motorbike,exited,980
car,entered,981
truck,entered,983
truck,entered,983
car,exited,984
car,exited,984
car,exited,985
person,exited,985
car,entered,986
motorbike,entered,987
motorbike,exited,988
car,exited,990
car,exited,991
car,entered,992
car,entered,994
motorbike,entered,994
car,entered,995
motorbike,exited,995
car,entered,996
car,exited,997
car,exited,997
car,entered,998
car,exited,999
motorbike,entered,1000
car,entered,1001
car,entered,1001
motorbike,exited,1001
motorbike,entered,1002
car,exited,1006
car,entered,1012
car,entered,1013
motorbike,entered,1013
car,exited,1014
car,exited,1014
car,exited,1014
car,exited,1014
motorbike,exited,1014
car,entered,1015
car,entered,1015
car,entered,1016
motorbike,entered,1016
car,exited,1017
motorbike,exited,1017
motorbike,entered,1018
car,exited,1019
motorbike,exited,1019
truck,exited,1019
car,exited,1020
person,entered,1020
truck,entered,1020
motorbike,exited,1020
car,exited,1021
car,entered,1022
car,entered,1022
car,entered,1022
car,entered,1022
car,entered,1022
motorbike,entered,1022
person,exited,1022
car,entered,1023
person,entered,1023
person,entered,1023
truck,exited,1023
truck,exited,1023
car,exited,1024
car,exited,1024
person,entered,1024
person,exited,1025
motorbike,exited,1025
car,entered,1026
car,entered,1026
person,exited,1026
car,exited,1027
car,entered,1028
person,exited,1028
car,exited,1029
person,entered,1029
person,entered,1029
person,exited,1030
person,exited,1030
person,entered,1032
car,entered,1033
motorbike,entered,1033
person,exited,1033
car,exited,1034
car,exited,1035
motorbike,exited,1035
car,exited,1036
motorbike,entered,1036
car,entered,1037
car,exited,1038
motorbike,exited,1038
car,entered,1039
car,entered,1040
car,entered,1040
car,exited,1041
car,exited,1041
car,exited,1042
car,exited,1043
car,exited,1043
car,exited,1043
car,entered,1044
car,entered,1044
car,exited,1045
car,entered,1046
motorbike,entered,1046
car,entered,1048
motorbike,exited,1048
car,exited,1050
car,exited,1050
car,entered,1051
car,entered,1051
car,exited,1052
car,entered,1053
car,entered,1055
car,exited,1056
car,exited,1057
person,entered,1061
car,entered,1062
car,entered,1062
car,exited,1063
car,exited,1063
person,exited,1064
car,entered,1065
person,entered,1065
car,entered,1067
car,entered,1067
person,exited,1067
car,exited,1072
car,exited,1075
car,entered,1078
car,exited,1082
person,entered,1082
car,entered,1084
person,exited,1084
car,exited,1085
traffic light,entered,1085
car,exited,1086
traffic light,exited,1086
car,exited,1087
car,exited,1088
car,entered,1091
car,entered,1093
car,exited,1094
person,entered,1094
car,entered,1095
person,exited,1095
car,exited,1096
car,exited,1099
car,entered,1100
car,entered,1102
car,entered,1102
car,entered,1105
car,entered,1105
motorbike,entered,1105
person,entered,1105
motorbike,exited,1106
person,exited,1106
car,exited,1107
car,entered,1110
car,exited,1111
car,entered,1112
car,entered,1113
car,exited,1114
car,exited,1114
car,entered,1115
car,entered,1117
car,exited,1118
car,exited,1118
car,entered,1119
car,exited,1120
car,entered,1123
car,exited,1125
car,exited,1125
car,exited,1126
car,entered,1127
car,exited,1128
car,exited,1129
car,entered,1130
car,entered,1131
car,exited,1133
car,entered,1134
car,entered,1134
car,exited,1135
car,exited,1135
car,entered,1136
car,entered,1137
car,exited,1140
car,exited,1140
car,entered,1141
car,entered,1143
bus,entered,1144
bus,exited,1145
car,exited,1147
car,exited,1148
car,entered,1149
car,entered,1151
car,exited,1152
car,exited,1153
car,entered,1154
bus,entered,1155
car,exited,1156
bus,exited,1160
bus,entered,1161
car,entered,1162
truck,entered,1162
car,entered,1163
car,entered,1163
bus,exited,1163
truck,exited,1163
car,entered,1165
car,exited,1169
car,entered,1170
car,entered,1170
bus,entered,1172
car,exited,1172
bus,exited,1173
car,entered,1174
car,exited,1176
car,entered,1177
car,exited,1178
car,entered,1179
car,exited,1181
car,exited,1181
car,exited,1181
car,entered,1182
car,entered,1183
car,exited,1185
car,exited,1186
car,exited,1191
car,exited,1193
car,entered,1194
car,entered,1194
car,entered,1194
car,exited,1195
car,exited,1195
car,exited,1195
car,entered,1197
car,exited,1198
car,entered,1199
car,exited,1202
car,entered,1205
car,exited,1206
car,entered,1207
car,exited,1208
car,exited,1212
car,exited,1214
car,entered,1216
car,entered,1218
car,exited,1219
car,entered,1222
car,entered,1223
car,exited,1226
car,exited,1226
car,exited,1229
car,entered,1231
car,exited,1232
car,entered,1233
car,entered,1237
car,entered,1237
car,exited,1241
car,exited,1247
car,entered,1248
car,exited,1249
car,entered,1252
car,entered,1252
car,entered,1254
car,entered,1255
car,exited,1256
car,exited,1257
car,exited,1257
car,entered,1258
car,entered,1260
car,exited,1261
car,exited,1262
car,exited,1262
car,entered,1263
car,entered,1264
car,exited,1266
car,entered,1269
car,exited,1270
car,entered,1272
car,exited,1277
person,entered,1278
car,entered,1279
person,exited,1279
car,entered,1280
car,exited,1281
car,exited,1283
car,exited,1286
car,entered,1287
car,entered,1288
car,exited,1291
car,exited,1294
car,entered,1297
car,exited,1298
car,entered,1299
car,entered,1299
car,exited,1300
car,exited,1300
car,exited,1301
car,entered,1302
car,entered,1305
car,entered,1306
car,entered,1309
car,entered,1309
car,exited,1310
car,exited,1311
car,entered,1312
car,exited,1313
car,entered,1314
car,entered,1315
car,entered,1315
car,entered,1315
car,entered,1315
car,exited,1316
car,exited,1316
car,exited,1316
car,exited,1317
car,exited,1318
car,exited,1319
car,entered,1321
car,entered,1324
car,entered,1324
car,exited,1325
car,exited,1325
car,exited,1325
car,entered,1327
person,entered,1327
car,entered,1328
car,entered,1330
car,entered,1330
person,exited,1330
car,entered,1332
bus,entered,1334
car,exited,1334
car,exited,1334
car,exited,1337
car,exited,1337
car,entered,1338
car,entered,1338
bus,exited,1338
bus,entered,1340
car,exited,1340
car,entered,1341
bus,exited,1341
car,entered,1343
car,entered,1345
car,exited,1346
car,exited,1348
car,entered,1351
car,exited,1352
car,entered,1353
car,exited,1354
car,exited,1356
car,entered,1359
car,entered,1360
car,exited,1361
car,exited,1363
car,entered,1364
car,exited,1365
car,exited,1365
car,entered,1366
car,entered,1367
car,entered,1368
car,exited,1369
car,exited,1369
car,exited,1369
car,entered,1370
car,entered,1371
car,entered,1372
car,exited,1373
bus,entered,1375
bus,exited,1376
car,entered,1377
car,exited,1378
car,exited,1378
bus,entered,1380
car,entered,1380
car,exited,1381
car,exited,1381
car,entered,1382
bus,exited,1382
car,entered,1383
car,entered,1384
car,entered,1384
bus,entered,1385
car,entered,1385
car,exited,1386
car,exited,1387
car,exited,1387
car,entered,1388
car,entered,1388
car,exited,1389
car,exited,1389
car,exited,1389
bus,exited,1389
bus,entered,1390
car,entered,1390
car,entered,1390
car,entered,1390
car,exited,1391
car,exited,1392
bus,exited,1392
car,entered,1393
car,entered,1394
car,exited,1395
car,entered,1397
car,entered,1397
car,exited,1398
car,exited,1398
car,exited,1398
bus,entered,1400
car,entered,1400
bus,exited,1404
bus,entered,1405
car,exited,1405
bus,entered,1406
car,entered,1406
bus,entered,1407
car,exited,1407
car,exited,1407
car,exited,1407
car,exited,1407
car,exited,1407
bus,exited,1408
car,entered,1408
car,entered,1408
car,entered,1408
car,entered,1408
bus,exited,1410
car,exited,1410
car,exited,1411
car,exited,1411
bus,exited,1411
car,entered,1412
car,entered,1412
car,entered,1413
car,exited,1414
car,exited,1416
car,exited,1418
car,entered,1419
car,entered,1419
car,exited,1420
car,exited,1420
car,exited,1422
car,entered,1423
car,entered,1424
car,entered,1424
car,entered,1425
car,exited,1426
car,entered,1427
car,entered,1427
car,exited,1428
car,exited,1428
car,entered,1432
car,exited,1433
car,entered,1435
car,exited,1436
car,entered,1437
car,entered,1437
car,exited,1439
car,exited,1439
car,exited,1440
car,exited,1443
car,entered,1446
bus,entered,1447
car,exited,1447
car,exited,1448
bus,exited,1448
car,entered,1449
car,entered,1449
car,exited,1450
car,entered,1451
car,entered,1451
bus,entered,1452
car,exited,1452
car,exited,1452
bus,exited,1453
car,entered,1454
car,entered,1454
car,entered,1455
car,entered,1455
car,exited,1456
car,exited,1456
car,exited,1456
car,exited,1456
car,entered,1457
car,entered,1457
car,entered,1458
car,exited,1460
car,exited,1460
car,entered,1461
car,entered,1461
car,exited,1462
car,entered,1463
car,entered,1464
car,entered,1465
car,entered,1465
car,exited,1466
car,exited,1466
car,exited,1466
car,exited,1468
car,entered,1469
car,entered,1469
car,exited,1470
car,entered,1471
car,entered,1471
car,entered,1472
car,exited,1475
car,entered,1477
car,entered,1477
car,entered,1478
car,exited,1479
car,exited,1479
car,entered,1480
car,exited,1481
car,exited,1481
car,exited,1481
car,entered,1483
car,entered,1483
person,entered,1483
car,exited,1484
person,exited,1484
car,entered,1485
car,exited,1486
car,exited,1486
car,exited,1486
car,entered,1487
person,entered,1488
car,exited,1489
car,exited,1489
car,exited,1489
person,exited,1489
car,entered,1490
car,entered,1490
car,entered,1490
car,entered,1491
car,entered,1492
car,entered,1492
car,exited,1493
car,exited,1496
car,exited,1498
car,entered,1499
car,entered,1499
car,entered,1499
car,exited,1500
car,exited,1500
car,exited,1500
car,entered,1501
car,exited,1503
car,exited,1503
car,entered,1505
car,exited,1506
car,entered,1507
car,entered,1508
car,entered,1509
car,entered,1509
car,exited,1510
car,exited,1510
car,exited,1512
car,exited,1512
car,exited,1514
car,entered,1517
car,entered,1517
car,entered,1517
car,entered,1517
car,exited,1518
car,exited,1519
car,exited,1521
car,exited,1524
car,exited,1524
car,entered,1525
car,exited,1526
car,entered,1531
car,exited,1533
car,entered,1534
car,exited,1536
truck,entered,1536
car,entered,1539
truck,exited,1540
car,entered,1541
car,exited,1542
car,exited,1542
car,exited,1543
car,entered,1544
car,entered,1544
car,entered,1545
car,exited,1547
car,exited,1548
car,entered,1549
car,entered,1549
car,entered,1550
car,entered,1550
car,entered,1550
car,exited,1552
car,exited,1553
car,exited,1554
truck,entered,1554
car,entered,1555
car,entered,1556
truck,exited,1556
car,exited,1558
car,exited,1558
car,entered,1559
car,entered,1559
car,exited,1560
car,exited,1560
car,exited,1560
car,entered,1561
car,exited,1562
car,exited,1562
car,exited,1563
car,entered,1565
car,entered,1565
car,entered,1565
car,entered,1566
car,exited,1567
car,exited,1567
car,entered,1568
car,entered,1568
car,entered,1568
car,exited,1569
car,exited,1572
car,entered,1573
car,entered,1576
car,entered,1577
car,exited,1579
car,entered,1580
car,entered,1580
car,exited,1581
car,exited,1585
car,exited,1585
car,exited,1585
car,entered,1586
car,entered,1586
car,entered,1587
car,entered,1588
car,entered,1593
car,exited,1594
car,exited,1594
car,exited,1595
car,exited,1596
car,entered,1597
car,entered,1598
car,entered,1598
car,entered,1599
car,exited,1601
car,exited,1603
car,entered,1604
car,exited,1606
car,exited,1607
car,entered,1609
car,entered,1609
car,entered,1609
car,exited,1612
car,exited,1613
car,exited,1613
car,entered,1616
car,exited,1617
car,exited,1620
car,entered,1622
car,entered,1622
car,entered,1622
car,exited,1623
car,exited,1623
car,exited,1624
car,entered,1627
car,entered,1627
car,exited,1628
car,entered,1629
car,exited,1630
car,exited,1630
car,entered,1634
car,entered,1634
car,entered,1634
car,entered,1634
car,exited,1637
car,entered,1640
car,entered,1640
car,exited,1641
car,entered,1642
car,exited,1643
car,exited,1643
car,exited,1643
car,exited,1644
car,exited,1644
car,exited,1644
car,exited,1644
car,exited,1644
car,exited,1644
car,exited,1644
car,exited,1644
car,exited,1644
car,exited,1652
car,entered,1653
car,exited,1658
car,entered,1659
car,exited,1677
car,entered,1683
car,exited,1698
car,entered,1700
car,exited,1705
car,entered,1707
car,exited,1708
car,entered,1712
car,exited,1714
car,entered,1715
car,exited,1721
car,entered,1723
car,exited,1725
car,entered,1726
car,exited,1727
car,entered,1729
car,exited,1732
car,entered,1741
car,exited,1743
car,entered,1760
car,exited,1765
car,entered,1768
car,exited,1775
car,entered,1781
car,exited,1783
car,entered,1797
person,entered,1810
person,exited,1811
car,entered,1814
car,exited,1816
car,entered,1822
car,exited,1825
car,entered,1826
car,exited,1827
truck,entered,1862
car,entered,1864
truck,exited,1864
truck,entered,1865
car,entered,1867
car,exited,1868
car,exited,1868
motorbike,entered,1882
motorbike,exited,1883
truck,exited,1885
car,entered,1887
car,entered,1887
car,exited,1888
car,exited,1888
person,entered,1893
car,entered,1894
person,exited,1894
car,entered,1895
car,exited,1897
car,entered,1898
truck,entered,1898
truck,exited,1899
car,exited,1900
car,entered,1902
car,exited,1903
truck,entered,1903
truck,entered,1903
car,exited,1904
truck,exited,1905
truck,exited,1906
car,entered,1907
truck,entered,1907
truck,entered,1907
car,exited,1908
truck,exited,1908
truck,exited,1909
car,entered,1912
car,exited,1913
car,entered,1915
car,exited,1916
car,entered,1923
car,entered,1925
car,entered,1927
car,exited,1928
car,entered,1934
car,exited,1937
car,entered,1939
car,exited,1940
car,entered,1941
car,exited,1942
car,exited,1943
car,entered,1944
car,exited,1946
car,exited,1947
car,entered,1948
car,entered,1948
car,entered,1949
car,exited,1951
car,exited,1952
car,entered,1954
car,entered,1955
car,exited,1956
car,entered,1957
car,exited,1958
bus,entered,1959
car,entered,1959
car,entered,1961
bus,exited,1961
bus,entered,1962
car,exited,1962
car,exited,1962
car,exited,1963
bus,exited,1963
car,entered,1965
car,exited,1967
car,entered,1968
car,entered,1968
car,entered,1970
car,entered,1970
car,exited,1971
car,exited,1972
car,entered,1974
car,entered,1974
car,exited,1975
car,exited,1978
car,exited,1979
car,entered,1980
car,entered,1981
car,exited,1982
car,entered,1983
car,entered,1983
car,exited,1984
car,exited,1984
car,exited,1985
car,entered,1986
car,exited,1987
car,entered,1989
bus,entered,1990
bus,exited,1991
bus,entered,1992
car,exited,1993
bus,exited,1993
bus,entered,1994
car,exited,1994
car,exited,1994
car,entered,1995
car,entered,1995
car,entered,1995
bus,exited,1996
bus,entered,1997
car,exited,1998
bus,exited,1999
car,entered,2002
car,exited,2003
car,entered,2004
car,exited,2005
car,entered,2006
car,entered,2010
car,entered,2010
car,exited,2011
car,entered,2012
car,exited,2013
car,exited,2013
car,exited,2016
car,entered,2018
car,entered,2018
car,entered,2021
car,exited,2022
car,entered,2023
car,entered,2024
truck,entered,2024
car,exited,2027
truck,exited,2027
car,entered,2028
car,exited,2029
truck,entered,2029
car,exited,2030
car,exited,2031
car,entered,2034
car,exited,2038
car,entered,2039
car,entered,2039
truck,exited,2039
car,exited,2044
car,exited,2044
car,entered,2045
car,exited,2046
car,exited,2048
car,entered,2049
car,exited,2051
car,exited,2051
car,entered,2052
car,entered,2053
car,exited,2054
car,entered,2056
car,exited,2057
car,exited,2057
car,entered,2058
car,entered,2058
car,entered,2059
car,exited,2060
car,exited,2063
car,entered,2064
bus,entered,2065
car,exited,2065
car,exited,2065
car,entered,2066
bus,exited,2066
bus,entered,2067
car,exited,2067
bus,exited,2068
car,entered,2069
car,entered,2071
car,exited,2073
car,entered,2075
car,exited,2080
car,entered,2082
car,entered,2083
car,entered,2084
car,entered,2084
car,entered,2084
car,exited,2085
car,exited,2085
car,exited,2087
car,entered,2088
car,exited,2091
car,entered,2092
car,exited,2099
car,exited,2102
car,exited,2105
car,entered,2106
car,entered,2106
car,entered,2109
car,exited,2111
car,entered,2113
car,exited,2115
car,entered,2118
car,exited,2120
car,entered,2121
car,entered,2121
car,exited,2122
car,entered,2123
car,exited,2124
car,exited,2125
car,exited,2129
car,entered,2130
car,entered,2130
car,exited,2131
car,exited,2131
car,exited,2134
car,exited,2137
car,entered,2138
car,entered,2140
car,exited,2142
car,exited,2142
car,entered,2143
car,exited,2144
car,exited,2144
car,entered,2145
car,entered,2145
car,entered,2145
car,entered,2145
car,entered,2145
car,entered,2145
car,exited,2146
car,exited,2147
car,exited,2147
car,exited,2149
car,exited,2151
car,entered,2152
car,entered,2153
car,entered,2153
car,entered,2154
car,exited,2156
car,exited,2157
car,entered,2159
car,entered,2160
car,entered,2160
car,entered,2161
car,exited,2162
car,entered,2164
car,exited,2166
car,entered,2168
car,entered,2168
car,exited,2170
car,exited,2171
car,exited,2171
car,exited,2172
car,exited,2172
car,exited,2176
car,exited,2176
car,entered,2177
car,entered,2177
car,entered,2177
car,entered,2179
car,entered,2180
car,exited,2181
car,exited,2185
car,entered,2186
car,entered,2186
car,exited,2187
car,entered,2189
car,exited,2190
car,exited,2190
car,exited,2190
car,entered,2191
car,exited,2194
car,exited,2197
car,entered,2198
car,entered,2200
car,entered,2202
car,entered,2203
car,entered,2203
car,entered,2203
car,exited,2204
car,exited,2204
car,exited,2205
car,exited,2205
car,entered,2206
car,entered,2206
car,entered,2206
car,exited,2207
car,exited,2207
car,entered,2208
car,entered,2208
car,entered,2208
car,exited,2209
car,exited,2210
car,exited,2210
car,entered,2211
car,entered,2211
car,entered,2211
car,entered,2212
car,exited,2213
car,exited,2214
car,exited,2214
car,entered,2215
car,entered,2215
car,exited,2218
car,exited,2220
car,entered,2223
car,entered,2224
car,exited,2225
car,exited,2226
car,exited,2227
car,exited,2228
car,entered,2229
car,entered,2229
car,exited,2231
car,entered,2232
car,entered,2232
car,entered,2232
car,exited,2233
car,exited,2233
car,exited,2234
car,entered,2236
car,entered,2236
car,entered,2237
car,exited,2238
car,entered,2244
car,exited,2245
car,entered,2247
car,exited,2249
car,exited,2250
car,exited,2250
car,entered,2251
car,exited,2254
car,exited,2254
car,exited,2259
car,entered,2260
car,entered,2260
car,entered,2260
car,entered,2262
car,entered,2262
car,exited,2263
car,exited,2263
car,exited,2265
car,exited,2265
car,exited,2266
car,exited,2267
car,entered,2268
car,entered,2268
car,entered,2268
car,entered,2269
car,exited,2270
car,exited,2270
car,exited,2270
car,exited,2272
car,exited,2273
car,entered,2274
car,entered,2276
car,exited,2280
car,exited,2280
car,entered,2281
car,entered,2281
car,entered,2281
car,exited,2283
car,exited,2284
car,exited,2284
car,entered,2285
car,entered,2285
car,exited,2287
car,exited,2288
car,exited,2288
car,entered,2289
car,exited,2290
car,entered,2291
car,entered,2291
car,exited,2293
car,exited,2293
car,exited,2293
car,entered,2294
car,entered,2294
car,entered,2296
car,entered,2298
car,exited,2299
car,exited,2299
car,entered,2300
car,entered,2300
car,entered,2304
car,exited,2305
car,exited,2305
car,entered,2306
car,entered,2306
car,exited,2307
car,exited,2307
car,exited,2308
car,exited,2308
car,exited,2308
car,entered,2309
car,entered,2311
car,exited,2312
person,entered,2312
car,exited,2313
person,exited,2313
car,entered,2314
car,entered,2315
car,exited,2316
car,entered,2318
car,entered,2319
bus,entered,2321
car,exited,2321
car,exited,2325
car,entered,2326
bus,exited,2326
car,exited,2327
car,entered,2328
car,entered,2329
car,exited,2330
car,exited,2330
bus,entered,2332
car,entered,2333
car,entered,2333
car,exited,2334
car,exited,2334
bus,exited,2334
bus,entered,2337
car,entered,2339
car,entered,2339
car,exited,2341
bus,exited,2343
bus,entered,2346
car,exited,2347
car,exited,2348
car,entered,2349
bus,exited,2349
car,exited,2352
car,entered,2353
car,entered,2353
car,exited,2354
car,entered,2361
car,exited,2362
car,entered,2363
bus,entered,2366
bus,exited,2367
car,entered,2370
car,exited,2372
car,entered,2376
car,exited,2377
car,entered,2378
car,exited,2379
car,exited,2382
car,entered,2383
car,entered,2387
car,entered,2393
car,entered,2393
car,exited,2394
car,entered,2395
car,exited,2396
car,exited,2398
car,entered,2399
car,exited,2400
car,exited,2400
bus,entered,2401
car,entered,2402
car,exited,2403
car,entered,2404
car,entered,2405
bus,entered,2407
car,exited,2407
car,exited,2407
bus,exited,2408
bus,exited,2411
bus,entered,2412
car,entered,2412
car,entered,2413
car,exited,2414
car,entered,2415
bus,exited,2415
car,exited,2416
car,exited,2416
car,exited,2417
car,entered,2418
truck,entered,2418
car,entered,2419
truck,exited,2419
car,exited,2420
car,entered,2421
car,exited,2423
car,entered,2426
car,entered,2426
car,exited,2427
car,exited,2427
car,entered,2428
car,entered,2428
car,entered,2430
car,exited,2432
car,exited,2433
bus,entered,2436
car,exited,2436
car,entered,2437
car,entered,2437
person,entered,2438
bus,exited,2438
bus,entered,2440
person,exited,2440
bus,exited,2441
car,exited,2442
car,exited,2442
car,entered,2443
person,entered,2443
car,exited,2444
person,exited,2444
car,entered,2445
car,entered,2446
car,entered,2446
car,exited,2448
car,entered,2450
car,exited,2451
car,exited,2451
car,exited,2451
car,exited,2452
car,entered,2454
car,entered,2454
car,entered,2455
car,entered,2456
car,exited,2457
car,exited,2457
car,entered,2459
car,exited,2460
car,entered,2461
car,entered,2463
car,entered,2464
car,entered,2464
car,exited,2465
car,exited,2465
car,entered,2466
car,entered,2466
car,exited,2468
car,exited,2468
car,exited,2474
car,entered,2475
car,entered,2480
car,exited,2483
car,exited,2483
car,entered,2485
car,entered,2485
car,exited,2486
car,exited,2487
car,exited,2487
car,exited,2487
car,entered,2488
car,entered,2488
car,entered,2488
car,exited,2489
car,exited,2492
car,exited,2495
car,entered,2496
car,entered,2497
car,entered,2498
car,entered,2500
car,exited,2501
car,exited,2501
car,exited,2502
car,entered,2505
car,entered,2505
car,exited,2506
car,entered,2507
car,exited,2508
car,entered,2512
car,entered,2514
car,exited,2517
car,entered,2518
car,exited,2519
car,exited,2521
car,entered,2522
bus,entered,2525
car,entered,2526
car,exited,2527
bus,exited,2527
car,entered,2528
car,exited,2529
car,exited,2529
car,entered,2530
car,entered,2530
car,exited,2532
car,exited,2533
car,exited,2534
car,entered,2536
car,entered,2538
car,entered,2541
car,exited,2542
car,entered,2545
car,entered,2545
car,exited,2546
car,entered,2547
car,exited,2548
car,exited,2549
car,entered,2551
car,entered,2551
car,entered,2553
car,exited,2555
car,exited,2555
car,entered,2556
car,entered,2558
car,entered,2559
car,exited,2560
car,exited,2561
car,entered,2562
car,exited,2563
car,exited,2563
car,entered,2564
car,entered,2564
car,entered,2566
car,entered,2566
car,exited,2567
car,exited,2568
car,entered,2569
car,exited,2570
car,exited,2570
car,entered,2571
car,entered,2571
car,entered,2572
car,exited,2573
car,exited,2573
car,entered,2574
car,exited,2576
car,exited,2576
car,entered,2577
car,entered,2578
car,exited,2579
car,exited,2579
car,exited,2580
car,exited,2580
car,entered,2582
car,entered,2582
car,entered,2582
car,exited,2583
car,entered,2585
car,entered,2586
car,entered,2586
car,entered,2586
car,exited,2590
car,exited,2590
car,exited,2590
car,exited,2590
car,entered,2591
car,entered,2591
car,entered,2591
car,entered,2591
car,entered,2593
car,exited,2596
car,exited,2596
car,exited,2597
car,entered,2601
car,entered,2601
car,entered,2601
car,entered,2601
car,exited,2602
car,exited,2602
car,exited,2602
car,exited,2603
car,exited,2604
car,exited,2604
car,exited,2605
car,entered,2608
car,entered,2608
car,exited,2609
car,entered,2610
car,entered,2610
car,exited,2611
car,exited,2611
car,entered,2612
car,entered,2612
car,entered,2616
car,entered,2617
car,exited,2618
car,exited,2619
car,exited,2619
car,entered,2620
car,entered,2621
car,entered,2621
car,exited,2622
car,exited,2622
car,entered,2623
car,entered,2623
car,exited,2624
car,exited,2624
car,exited,2624
car,exited,2625
car,entered,2627
car,entered,2628
car,exited,2629
car,entered,2631
car,entered,2632
car,exited,2634
car,exited,2634
car,entered,2635
car,entered,2636
car,exited,2637
car,exited,2638
car,exited,2638
car,exited,2638
car,exited,2639
car,entered,2640
car,exited,2641
car,exited,2641
car,entered,2642
car,entered,2642
car,entered,2643
car,exited,2644
car,exited,2644
car,exited,2644
car,exited,2644
car,entered,2645
car,entered,2645
car,entered,2646
car,entered,2646
car,exited,2647
car,exited,2647
car,exited,2647
car,entered,2648
